Manufacturer,count,Manufacturer_ID,simple_manufacturer
126554,1,853,126554
3-D Matrix Europe SAS,1,854,3-d matrix europe sas
3M Deutschland GmbH,2,636,3m deutschland gmbh
3M Espe Dental Products,5,405,3m espe dental
3M Health Care Group,12,249,3m health care group
3M Healthcare,1,855,3m
3M Medical Devices and Materials Manufacturing,1,856,3m devices and materials manufacturing
3M Unitek,1,857,3m unitek
7 Med Industrie,2,637,7 med industrie
A & I Industries,2,638,a & i
A L N,2,639,a l n
A-Spine Asia Co Ltd,1,858,a-spine asia
AAXIS Medical Products SIP Co Ltd,2,640,aaxis sip
Abbott Diabetes Care Inc,34,112,abbott diabetes care
Abbott Diabetes Care Ltd,13,234,abbott diabetes care
Abbott GmbH & Co KG,27,134,abbott gmbh & kg
Abbott Ireland Diagnostic Division,9,299,abbott ireland diagnostic division
Abbott Ireland Ltd,9,300,abbott ireland
Abbott Laboratories,1,859,abbott laboratories
Abbott Laboratories (Ohio),4,449,abbott laboratories (ohio)
Abbott Laboratories Abbott Vascular Inc,65,64,abbott laboratories abbott vascular
Abbott Laboratories Vascular Enterprises Limited D,3,520,abbott laboratories vascular enterprises d
Abbott Laboratories Vascular Enterprises Limited Dublin Beringen Branch,20,177,abbott laboratories vascular enterprises dublin beringen branch
Abbott Labs Diagnostic Division,2,641,abbott labs diagnostic division
Abbott Medical Optics Inc,10,279,abbott optics
Abbott Point of Care Inc,1,860,abbott point of care
Abbott Spine Inc,3,521,abbott spine
Abbott Vascular,465,7,abbott vascular
Abbott Vascular Abbott Vascular Inc,1,861,abbott vascular abbott vascular
Abbott Vascular Inc,133,32,abbott vascular
Abbott Vascular Instruments Deutschland GmbH,1,862,abbott vascular instruments deutschland gmbh
Abbott Vascular-Cardiac Therapies,1,863,abbott vascular-cardiac therapies
Abbott Vascular-Vascular Solutions,1,864,abbott vascular-vascular solutions
Abiomed Europe GmbH,1,865,abiomed europe gmbh
AccessClosure Inc,10,280,accessclosure
Accriva dba International Technidyne Corporation ITC,1,866,accriva dba technidyne itc
Ace Medical Co Ltd,1,867,ace
Acist Medical Systems Inc,5,406,acist
Acon Biotech (Hangzhou) Co Ltd,1,868,acon biotech (hangzhou)
Acra-Cut Inc,1,869,acra-cut
AcroMetrix Co,1,870,acrometrix
Active Optical Systems Ltd,1,871,active optical
AcuFocus Inc,1,872,acufocus
Acumed Instruments Inc,1,873,acumed instruments
Acutronic Medical Systems AG,30,124,acutronic ag
ADEC Inc,1,874,adec
Adler Ortho SpA,2,642,adler ortho spa
Adler Ortho Srl,2,643,adler ortho srl
Advanced Bionics AG,3,522,advanced bionics ag
Advanced Bionics LLC,1,875,advanced bionics
Advanced Brain Monitoring,1,876,advanced brain monitoring
Advanced Medical Design International LLC,2,644,advanced design
Advanced Medical Solutions Plymouth Ltd,2,645,advanced solutions plymouth
Advanced Neuromodulation Systems Inc,140,30,advanced neuromodulation
Advanced Sterilization Products,2,646,advanced sterilization
ADVANCED STERILIZATION PRODUCTS,2,647,advanced sterilization
Advanced Sterilization Products a Johnson & Johnso,1,877,advanced sterilization a johnson & johnso
Advanced Sterilization Products a Johnson & Johnson,1,878,advanced sterilization a johnson & johnson
Advanced Sterilization Products a Johnson & Johnson Company Division of Ethicon,1,879,advanced sterilization a johnson & johnson company division of ethicon
Advanced Sterilization Products a Johnson & Johnson Company Division of Ethicon Inc,7,339,advanced sterilization a johnson & johnson company division of ethicon
Advanced Surgical Design & Manufacture Limited,15,204,advanced design & manufacture
Advanced Vision Research Inc,1,880,advanced vision research
Aesculap AG,5,407,aesculap ag
AGA Medical Corporation,25,146,aga
AgaMatrix Inc,6,372,agamatrix
Agfa Gevaert NV (Belgium),1,881,agfa gevaert nv (belgium)
Aid United Yangzhou Medical Devices Co Ltd,1,882,aid united yangzhou devices
Aircraft Medical Ltd,2,648,aircraft
Airsep Corporation,8,316,airsep
Airxpanders Inc,1,883,airxpanders
Albaad Massuot Yitzhak Ltd,5,408,albaad massuot yitzhak
Albert Browne Ltd,1,884,albert browne
Alcon,1,885,alcon
Alcon - GPS,1,886,alcon - gps
Alcon - Irvine Technology Centre,1,887,alcon - irvine centre
Alcon GPS - WaveLight GmbH,121,36,alcon gps - wavelight gmbh
Alcon Huntington,1,888,alcon huntington
Alcon Inc,7,340,alcon
Alcon INC,2,649,alcon
Alcon Inc.,2,650,alcon
Alcon Ireland,2,651,alcon ireland
Alcon Irvine Technology Center,2,652,alcon irvine center
Alcon Irvine Technology Centre,1,889,alcon irvine centre
Alcon laboratories,4,450,alcon laboratories
Alcon Laboratories,70,60,alcon laboratories
Alcon Laboratories Houston,1,890,alcon laboratories houston
Alcon Laboratories Inc,715,2,alcon laboratories
Alcon Laboratories Inc - Huntington,1,891,alcon laboratories - huntington
Alcon Laboratories Inc-Houston,1,892,alcon laboratories inc-houston
Alcon Laboratories Inc.,4,451,alcon laboratories
Alcon Laboratories Incorporated,45,88,alcon laboratories
Alcon Laboratories Laboratories Pty Ltd,1,893,alcon laboratories laboratories
Alcon Laboratories Pty Ltd,24,153,alcon laboratories
Alcon Laboratories Wavelight AG,1,894,alcon laboratories wavelight ag
Alcon Laboratories WaveLight AG,3,523,alcon laboratories wavelight ag
Alcon Laboratories- Irvine Technology Center,1,895,alcon laboratories- irvine center
Alcon Laboratories-Fort Worth,3,524,alcon laboratories-fort worth
Alcon LenSx Inc,17,190,alcon lensx
Alcon Optonol Limited,1,896,alcon optonol
Alcon-Grieshaber AG,2,653,alcon-grieshaber ag
Alcove Medical Inc,1,897,alcove
Aldwin Paige Ltd,1,898,aldwin paige
Alere Medical Co Ltd,48,83,alere
"Alere Medical Co., Ltd.",1,899,alere
Alere San Diego,1,900,alere san diego
Alere San Diego Inc,79,54,alere san diego
Allegro Concepts Pty Ltd,2,654,allegro concepts
Allergan,328,13,allergan
Allergan (Marlow),1,901,allergan (marlow)
Allergan Australia Pty Ltd,2,655,allergan australia
Allergan Australia Pty. Ltd,1,902,allergan australia
Allergan Inc,22,167,allergan
Allergan Ltd,2,656,allergan
Allergan Pharmaceuticals Ireland,2,657,allergan pharmaceuticals ireland
Allied Healthcare Products Inc,1,903,allied
Allium Ltd,3,525,allium
Alrick Manufacturing & Imports,1,904,alrick manufacturing & imports
Alrick Manufacturing and Imports,2,658,alrick manufacturing and imports
Altera Tibbi Malzeme San VE Tic AS,1,905,altera tibbi malzeme san ve tic as
ALung Technologies Inc,1,906,alung technologies
AM BI SRL,1,907,am bi srl
Ambu AS,4,452,ambu as
American Medical Systems,49,80,american
American Medical Systems Inc,81,53,american
American Medical Systems Inc.,1,908,american
American Medical Systems Innovation Centre,2,659,american innovation centre
American Medical Systems Innovation Centre - Silicon Valley,33,117,american innovation centre - silicon valley
AMG Medical Inc,1,909,amg
Ami Agency For Medical Innovations GmbH,1,910,ami agency for innovations gmbh
Amnisure International LLC,1,911,amnisure
Amplitude,12,250,amplitude
AMPLITUDE,1,912,amplitude
Amplitude Orthopaedics Limited,9,301,amplitude orthopaedics
Amplitude SAS,14,217,amplitude sas
AMPLITUDE SAS,1,913,amplitude sas
Amsino International Inc,2,660,amsino
Anaesthetic Medical Systems,4,453,anaesthetic
Analytica Ltd,1,914,analytica
Andon Health Co Ltd,1,915,andon health
AngioDynamics Inc,24,154,angiodynamics
AngioDynamics Inc also trading as RITA Medical Systems,1,916,angiodynamics also trading as rita
Angiomed GmbH & Co,5,409,angiomed gmbh &
Angiotech Puerto Rico Inc,8,317,angiotech puerto rico
Anhui Tiankang Medical Products Co Ltd,1,917,anhui tiankang
Anhui Tiankang Medical Technology Co Ltd,3,526,anhui tiankang
Anika Therapeutics Inc,1,918,anika therapeutics
Animas Corporation,46,87,animas
Ansell (UK) Ltd,8,318,ansell (uk)
Ansell Healthcare Europe NV,2,661,ansell europe nv
Ansell NP Sdn Bhd T/a Ansell Malaysia Sdn Bhd Ansell Medical Sdn Bhd,1,919,ansell np sdn bhd t/a ansell malaysia sdn bhd ansell sdn bhd
Anteis SA,5,410,anteis sa
Apex Guangzhou Tools & Orthopedic Co,1,920,apex guangzhou tools & orthopedic
Apollo Endosurgery Inc,22,168,apollo endosurgery
Applied Medical Australia,1,921,applied australia
Applied Medical Resources,180,24,applied resources
Applied Medical Resources Corporation,13,235,applied resources
Applied Medical Technology Inc,3,527,applied
Aquatec GmBh & Co KG,3,528,aquatec gmbh & kg
Arcadophta SARL,3,529,arcadophta sarl
Arcomed AG,2,662,arcomed ag
ArcRoyal,1,922,arcroyal
Ardo Medical AG,1,923,ardo ag
Ares Trading SA an Affiliate of Merck KGaA Darmstadt Germany,1,924,ares trading sa an affiliate of merck kgaa darmstadt germany
Argon Medical Devices Inc,3,530,argon devices
Aritech Inc,1,925,aritech
Arizant Healthcare Inc,2,663,arizant
Arjo Hospital Equipment AB,1,926,arjo hospital equipment ab
ARJO Hospital Equipment AB,6,373,arjo hospital equipment ab
ArjoHuntleigh,2,664,arjohuntleigh
ArjoHuntleigh AB,135,31,arjohuntleigh ab
ArjoHuntleigh Inc,2,665,arjohuntleigh
Arkray Factory Inc,1,927,arkray factory
Arrow International Inc,52,76,arrow
Arthrex GmBH,1,928,arthrex gmbh
Arthrex Inc,41,95,arthrex
Arthrocare Corporation,48,84,arthrocare
Asahi Intecc Co Ltd Medical Division,8,319,asahi intecc division
Asaleo Care Australia Pty Ltd,12,251,asaleo care australia
Ascensia Diabetes Care Holdings AG,1,929,ascensia diabetes care holdings ag
Ascension Orthopaedics Inc,2,666,ascension orthopaedics
Aspect Medical Systems Inc,1,930,aspect
Astra Tech AB,1,931,astra tech ab
AT-OS Srl,1,932,at-os srl
Atom Medical Corporation,2,667,atom
Atritech Inc,20,178,atritech
Atrium Medical Corporation,78,55,atrium
Augmenix Inc,3,531,augmenix
Augustine Biomedical & Design LLC,2,668,augustine biomedical & design
Australian Comfort Group,1,933,australian comfort group
Australian Therapeutic Supplies Pty Ltd,1,934,australian therapeutic supplies
Avanos Medical Inc,7,341,avanos
B Braun Medical,3,532,b braun
B Braun Medical AG,2,669,b braun ag
B Braun Medical Inc,3,533,b braun
B Braun Medical Ltd (T/A Aesculap Downs Surgican & William Skidmore),1,935,b braun (t/a aesculap downs surgican & william skidmore)
B Braun Melsungen AG,41,96,b braun melsungen ag
B Braun Surgical SA,1,936,b braun sa
Baldwin Medical & Veterinary Devices (Australia) Pty Ltd,1,937,baldwin & veterinary devices (australia)
Ballard Medical Products,12,252,ballard
Balt Extrusion,2,670,balt extrusion
Balt Extrusion SA,3,534,balt extrusion sa
Bard Access Systems Inc,225,19,bard access
Bard Australia Pty Ltd,12,253,bard australia
Bard Medical Division,1,938,bard division
Bard Peripheral Vascular Inc,50,79,bard peripheral vascular
Barron Precision Instruments LLC,1,939,barron precision instruments
Barrx Medical Inc,2,671,barrx
Bausch & Lomb Inc,24,155,bausch & lomb
Bausch & Lomb Inc (United States of America),1,940,bausch & lomb (united states of america)
Baxter Healthcare,1,941,baxter
Baxter Healthcare Corporation Cellular Therapies Division,1,942,baxter cellular therapies division
Baxter Healthcare Corporation USA,9,302,baxter usa
Baxter Healthcare Pty Ltd,4,454,baxter
Baxter Healthcare Renal Div,14,218,baxter renal div
Baxter Healthcare SA,70,61,baxter sa
Baxter SA (Lessines),2,672,baxter sa (lessines)
Bayer,1,943,bayer
Bayer Healthcare LLC,83,51,bayer
Bayer Medical Care Inc,10,281,bayer care
Baylis Medical Company Inc,1,944,baylis company
BBI Solutions OEM Ltd,1,945,bbi solutions oem
BD Switzerland Sarl,15,205,bd switzerland sarl
BD Vacutainer Systems,6,374,bd vacutainer
Beckman Coulter,1,946,beckman coulter
Beckman Coulter Inc,338,12,beckman coulter
Beckman Coulter Ireland,1,947,beckman coulter ireland
Beckman Coulter Ireland Inc,1,948,beckman coulter ireland
Beckman Coulter Mishima KK,1,949,beckman coulter mishima kk
Becton Dickinson & Company,19,183,becton dickinson & company
Becton Dickinson & Company Ltd (BD Medical Surgical),4,455,becton dickinson & company (bd surgical)
Becton Dickinson and Co Ltd,12,254,becton dickinson and
Becton Dickinson and Company,8,320,becton dickinson and company
Becton Dickinson and Company BD BD Diagnostic Systems,1,950,becton dickinson and company bd bd diagnostic
Becton Dickinson Industrias Cirurgicas Ltda,1,951,becton dickinson industrias cirurgicas ltda
Becton Dickinson Infusion Therapy AB,3,535,becton dickinson infusion therapy ab
Becton Dickinson Infusion Therapy Systems Inc,21,174,becton dickinson infusion therapy
Becton Dickinson Medical (s) Pte Ltd,4,456,becton dickinson (s) pte
Becton Dickinson Medical Systems,1,952,becton dickinson
Becton Dickinson SA,9,303,becton dickinson sa
Becton Dickinson Vacutainer Systems,4,457,becton dickinson vacutainer
Beijing ADSS Development Co Ltd,1,953,beijing adss development
Beijing KES Biology Technology Co Ltd,15,206,beijing kes biology
Beijing Sincoheren Science and Technology Development Co Ltd,1,954,beijing sincoheren science and development
Bellco S.r.l.,1,955,bellco s r l
Benoist Girad,1,956,benoist girad
Benoist Girard,34,113,benoist girard
Benoist Girard (France),2,673,benoist girard (france)
Bentley InnoMed GmbH,2,674,bentley innomed gmbh
Berchtold GmbH & Co,1,957,berchtold gmbh &
Besmed Health Business Corp,1,958,besmed health business corp
BHM Medical Inc,1,959,bhm
Bien Air Surgery SA,2,675,bien air surgery sa
Bio-Rad,2,676,bio-rad
Bio-Technology General (Israel) Ltd,1,960,bio-technology general (israel)
Biocompatibles UK Ltd,1,961,biocompatibles uk
Bioelectronics Corporation,1,962,bioelectronics
Bioflow Ltd,1,963,bioflow
Biomerics,2,677,biomerics
bioMerieux Inc,3,536,biomerieux
bioMerieux SA,1,964,biomerieux sa
Biomerieux SA,2,678,biomerieux sa
Biomet 3i LLC T/a Implant Innovations,1,965,biomet 3i t/a implant innovations
Biomet France,16,198,biomet france
Biomet Orthopaedics Inc,1,966,biomet orthopaedics
Biomet Orthopaedics Switzerland GmbH,1,967,biomet orthopaedics switzerland gmbh
Biomet Orthopedic,3,537,biomet orthopedic
Biomet Orthopedic Inc,1,968,biomet orthopedic
Biomet Orthopedics,42,92,biomet orthopedics
Biomet Orthopedics Inc,200,20,biomet orthopedics
Biomet Spain,1,969,biomet spain
Biomet Spain Orthopaedics SL,40,97,biomet spain orthopaedics sl
Biomet Sports Medicine T/A Arthrotek Inc,7,342,biomet sports medicine t/a arthrotek
Biomet Trauma,2,679,biomet trauma
Biomet UK,1,970,biomet uk
Biomet UK Ltd,120,38,biomet uk
Biorad Medisys Pvt Ltd,1,971,biorad medisys pvt
Biosense Webster,3,538,biosense webster
Biosense Webster (Israel) Ltd,9,304,biosense webster (israel)
Biosense Webster Inc,83,52,biosense webster
BIOSENSE WEBSTER INC,4,458,biosense webster
Biosensors Europe SA,4,459,biosensors europe sa
Biosensors International Pte Ltd,5,411,biosensors pte
Biotech International,1,972,biotech
Biotronik AG,42,93,biotronik ag
BIOTRONIK AG,3,539,biotronik ag
Biotronik SE & Co KG,197,22,biotronik se & kg
BIOTRONIK SE & Co. KG.,1,973,biotronik se & kg
Blink Medical Ltd,1,974,blink
Blue Cross Bio-Medical Beijing Co Ltd,1,975,blue cross bio-medical beijing
BMDi TUTA Healthcare Pty Ltd,16,199,bmdi tuta
Boddingtons Plastics Ltd,2,680,boddingtons plastics
Boston Scientific,23,163,boston scientific
Boston Scientific Australia and New Zealand,14,219,boston scientific australia and new zealand
Boston Scientific Corporation,772,1,boston scientific
Boston Scientific CorporationInc,1,976,boston scientific corporationinc
Boston Scientific CRM,56,70,boston scientific crm
Boston Scientific Neuromodulation Corporation,190,23,boston scientific neuromodulation
BPR Medical Ltd,1,977,bpr
BrainLAB AG,6,375,brainlab ag
Brivant Limited,1,978,brivant
BSN medical (Aust.) Pty Ltd,1,979,bsn (aust )
BSN Medical Pty Ltd,14,220,bsn
BSN-Jobst GmbH,1,980,bsn-jobst gmbh
Budelpack Copackers BV,2,681,budelpack copackers bv
Burke Mobility Inc,3,540,burke mobility
C R Bard Inc,39,101,c r bard
C R Bard Inc.,1,981,c r bard
Caesarea Medical Electronics Limited,8,321,caesarea electronics
Cair LGL,1,982,cair lgl
Caire Inc,3,541,caire
Cameron Health Inc,1,983,cameron health
Candela Corporation,7,343,candela
CarboFix Orthopedics Ltd,2,682,carbofix orthopedics
Carbon Medical Technologies Inc,3,542,carbon technologies
Cardia Pacemakers Inc,1,984,cardia pacemakers
Cardiac Pacemakers Inc,478,6,cardiac pacemakers
Cardiac Pacemakers Inc (A wholly owned subs of Guidant Corp A wholly owned subs of Boston Scientific Corp),128,33,cardiac pacemakers (a wholly owned subs of guidant corp a wholly owned subs of boston scientific corp)
Cardiac Pacemakers Incorporated (A wholly owned subsidiary of Guidant Corporation A wholly owned subsidiary of Boston Scientific Corporation),65,65,cardiac pacemakers (a wholly owned subsidiary of guidant a wholly owned subsidiary of boston scientific corporation)
Cardinal Health,7,344,cardinal health
Carefusion,10,282,carefusion
CareFusion 209 Inc,1,985,carefusion 209
CareFusion 303 Inc,20,179,carefusion 303
CareFusion Finland 320 Oy,3,543,carefusion finland 320 oy
CareFusion Switzerland 317 Sarl,77,56,carefusion switzerland 317 sarl
CareFusion USA,1,986,carefusion usa
Caremed Supply Inc,3,544,caremed supply
Carestream Health Inc,2,683,carestream health
Carl Zeiss Meditec AG,36,109,carl zeiss meditec ag
Carl Zeiss MediTec SAS,4,460,carl zeiss meditec sas
Cascade Medical Enterprises UK Ltd,1,987,cascade enterprises uk
Catheter Research Inc,2,684,catheter research
CBM Srl a socio unico,1,988,cbm srl a socio unico
Cefla SC,1,989,cefla sc
Cellplex Pty Ltd,2,685,cellplex
Ceramtec GmbH,4,461,ceramtec gmbh
Cerapedics Inc,9,305,cerapedics
Cereplas,3,545,cereplas
Chalice Medical Ltd,5,412,chalice
Changzhou Kanghui Medical Innovation Co Ltd,1,990,changzhou kanghui innovation
Changzhou Waston Medical Applications Co Ltd,2,686,changzhou waston applications
Chien Ti Enterprise Co Ltd,1,991,chien ti enterprise
China HuaMei Industrial Co Ltd,1,992,china huamei industrial
Church & Dwight Co Inc,2,687,church & dwight
Ciba Vision Corp,4,462,ciba vision corp
Cigweld Pty Ltd,4,463,cigweld
Cimpax,3,546,cimpax
Citizen Systems Japan Co Ltd,1,993,citizen japan
CIVCO Medical Solutions Inc,2,688,civco solutions
ClearCorrect,1,994,clearcorrect
ClearPath Orthodontics Pvt Ltd,1,995,clearpath orthodontics pvt
Clearstream Technologies Ltd,7,345,clearstream technologies
Clement Clarke International Ltd,1,996,clement clarke
Clinical Innovations LLC,5,413,clinical innovations
Cobes Industries Hefei Co Ltd,1,997,cobes hefei
Cochlear,2,689,cochlear
Cochlear Bone Anchored Solutions AB,198,21,cochlear bone anchored solutions ab
Cochlear Limited,27,135,cochlear
Cochlear Ltd,411,8,cochlear
Cochlear Ltd.,2,690,cochlear
Codan Medizinische Gerate GmbH & Co KG,3,547,codan medizinische gerate gmbh & kg
Codan US Corporation,15,207,codan us
Codman & Shurtleff Inc,8,322,codman & shurtleff
Codman & Shurtleff INC,1,998,codman & shurtleff
Codman & Shurtleff Inc (Massachusetts),30,125,codman & shurtleff (massachusetts)
Codman & Shurtleff Inc Massachusetts,17,191,codman & shurtleff massachusetts
"CODMAN & SHURTLEFF, INC",2,691,codman & shurtleff
Codman and Shurtleff Inc,17,192,codman and shurtleff
Codman and Shurtleff Inc.,2,692,codman and shurtleff
Coloplast AS,58,69,coloplast as
Coltene Whaledent Inc,1,999,coltene whaledent
Coltene/Whaledent AG,1,1000,coltene/whaledent ag
Cominox srl,1,1001,cominox srl
Concentric Medical Inc,5,414,concentric
Conceptus Inc,4,464,conceptus
ConMed Corporation,38,105,conmed
ConMed Linvatec Biomaterials Ltd,2,693,conmed linvatec biomaterials
ConMed Linvatec USA,13,236,conmed linvatec usa
Conod Medical Co Ltd,1,1002,conod
Consensus Orthopedics,1,1003,consensus orthopedics
Consensus Orthopedics Inc,7,346,consensus orthopedics
Consultronix SA,1,1004,consultronix sa
Contract Medical International GmbH,3,548,contract gmbh
Contura International A/S,4,465,contura a/s
Convatec Limited,33,118,convatec
ConvaTec Limited,9,306,convatec
Convatec Ltd,1,1005,convatec
Cook Biotech Incorporated,11,262,cook biotech
Cook Biotech Incorporation,1,1006,cook biotech incorporation
Cook Incorporated,271,16,cook
Cook Ireland Ltd,30,126,cook ireland
Cook Urological Incorporated,1,1007,cook urological
Cook Vascular Incorporated,1,1008,cook vascular
Cooper Surgical Inc,3,549,cooper
CooperVision Manufacturing Ltd also trading as Aspect Vision Holdings Ltd CooperVision CooperVision Ltd Hydron and Sauflon Pharmaceuticals Ltd,1,1009,coopervision manufacturing also trading as aspect vision holdings coopervision coopervision hydron and sauflon pharmaceuticals
CooperVision Manufacturing Ltd T/a Aspect Vision Care - CL Tinters - Hydron - Ocular Sciences,3,550,coopervision manufacturing t/a aspect vision care - cl tinters - hydron - ocular sciences
CoorsTek Medical LLC,4,466,coorstek
Cordis Cashel,4,467,cordis cashel
Cordis Corp,45,89,cordis corp
Cordis Europa Nv,7,347,cordis europa nv
Corin Limited,59,67,corin
Corin Medical A Division Of Corin Ltd,23,164,corin a division of corin
Corinthian Surgical Ltd,1,1010,corinthian
Corpak MedSystems Inc,1,1011,corpak medsystems
Cortex Dental Implants Industries Ltd,1,1012,cortex dental implants
Cosman Medical Inc,4,468,cosman
Cosman Medical LLC,2,694,cosman
Covidien IIc,1,1013,covidien iic
Covidien IIC,1,1014,covidien iic
Covidien llc,355,10,covidien
Covidien LLC,2,695,covidien
Covidien llc (Formerly known as Tyco),1,1015,covidien (formerly known as tyco)
Covidien lnc,1,1016,covidien lnc
Covidien Pty ltd,1,1017,covidien
Covidien Pty Ltd,5,415,covidien
Covidien Pyt Ltd,1,1018,covidien pyt
Creganna Tactx Medical,3,551,creganna tactx
Creganna-Tactx Medical,1,1019,creganna-tactx
Croma GmbH,2,696,croma gmbh
Cyberonics Inc,23,165,cyberonics
Cyclomedica Australia Pty Ltd,1,1020,cyclomedica australia
CyDen Limited,1,1021,cyden
Dako North America Inc,1,1022,dako north america
Dalcross Medical Equipment,1,1023,dalcross equipment
Dansac AS,1,1024,dansac as
Darco International Inc,1,1025,darco
Datascope Corp,48,85,datascope corp
Datex-Ohmeda,26,140,datex-ohmeda
Davol Inc Subsidiary of C R Bard Inc,34,114,davol subsidiary of c r bard
dB Sonic Pty Ltd,1,1026,db sonic
Deerfield Imaging Inc,1,1027,deerfield imaging
Defibtech Llc,1,1028,defibtech
Defries Industries Pty Ltd,4,469,defries
Degania Silicone Limited,1,1029,degania silicone
Dentsply Caulk,1,1030,dentsply caulk
Dentsply Sirona Pty Ltd,1,1031,dentsply sirona
Denyers Pty Ltd T/a Denyers International,2,697,denyers t/a denyers
Deputy International Ltd,1,1032,deputy
Depuy (Ireland),13,237,depuy (ireland)
DePuy (Ireland),1,1033,depuy (ireland)
DePuy France,3,552,depuy france
Depuy France SA,3,553,depuy france sa
DePuy France SA,7,348,depuy france sa
Depuy France SAS,84,50,depuy france sas
DePuy France SAS,2,698,depuy france sas
DEPUY INT UK T/A DEPUY CMW,1,1034,depuy int uk t/a depuy cmw
Depuy International,71,59,depuy
DEPUY INTERNATIONAL,2,699,depuy
Depuy International (England),4,470,depuy (england)
Depuy International Ltd,4,471,depuy
DePuy International Ltd,22,169,depuy
DePuy International LTD,1,1035,depuy
Depuy International Ltd T/A Depuy Cmw,3,554,depuy t/a depuy cmw
DePuy International Ltd.,1,1036,depuy
"Depuy International, Ltd",2,700,depuy
"DePuy International, Ltd",7,349,depuy
Depuy Ireland Ltd,3,555,depuy ireland
DePuy Ireland Ltd,1,1037,depuy ireland
DePuy Ireland UC,1,1038,depuy ireland uc
Depuy Mitek,1,1039,depuy mitek
DePuy Mitek,3,556,depuy mitek
Depuy Mitek (a Johnson & Johnson Company),27,136,depuy mitek (a johnson & johnson company)
DePuy Mitek Inc,3,557,depuy mitek
Depuy Orhtopaedic Inc,1,1040,depuy orhtopaedic
Depuy Orthopaedic Inc,494,5,depuy orthopaedic
DePuy Orthopaedic Inc,32,120,depuy orthopaedic
Depuy Orthopaedic Inc (USA),2,701,depuy orthopaedic (usa)
"DePuy Orthopaedic, Inc",3,558,depuy orthopaedic
DEPUY ORTHOPAEDICS,2,702,depuy orthopaedics
Depuy Orthopaedics Inc,47,86,depuy orthopaedics
DePuy Orthopaedics Inc,2,703,depuy orthopaedics
Depuy Orthopaedics Inc (USA),1,1041,depuy orthopaedics (usa)
Depuy Spine Inc,40,98,depuy spine
DePuy Spine Inc,4,472,depuy spine
Depuy Spine SARL,13,238,depuy spine sarl
DePuy Spine SARL,1,1042,depuy spine sarl
Dermik Laboratories Inc,33,119,dermik laboratories
Deroyal Industries,1,1043,deroyal
DeRoyal Industries Inc,2,704,deroyal
Devilbiss Healthcare (USA),1,1044,devilbiss (usa)
DexCom Incorporated,528,4,dexcom
DGH Technology Inc,1,1045,dgh
Diagnostic Grifols SA,2,705,diagnostic grifols sa
Diamed GmbH,1,1046,diamed gmbh
DiaMex GmbH,2,706,diamex gmbh
DiaSpect Medical GmbH,1,1047,diaspect gmbh
Discus Dental LLC,1,1048,discus dental
Dispo-Med (Malaysia) Sdn Bhd,1,1049,dispo-med (malaysia) sdn bhd
Diva International Inc,2,707,diva
DJO LLC,2,708,djo
DM Systems (Beijing) Co Limited,4,473,dm (beijing)
Dmg Chemisch-Pharmazeutische Fabrik GmbH,1,1050,dmg chemisch-pharmazeutische fabrik gmbh
Dongguan Maikang Electric Appliance Co Ltd,1,1051,dongguan maikang electric appliance
DORC International B.V,1,1052,dorc b v
Dornier MedTech GmbH,2,709,dornier medtech gmbh
Draeger Medical Systems Inc,3,559,draeger
Drager Medical GmbH,4,474,drager gmbh
Dragerwerk AG & Co KGaA,4,475,dragerwerk ag & kgaa
DT Davis Enterprises Ltd,1,1053,dt davis enterprises
Duckworth & Kent Ltd,1,1054,duckworth & kent
Durr Dental AG,1,1055,durr dental ag
Eagle Health Supplies,1,1056,eagle health supplies
Eagle Vision Inc,1,1057,eagle vision
Earthecco Pty Ltd,1,1058,earthecco
Edwards Lifesciences LLC,88,48,edwards lifesciences
Edwards Lifesciences Pty Ltd,11,263,edwards lifesciences
Ego Pharmaceuticals pty Ltd,1,1059,ego pharmaceuticals
Eizo Corporation,1,1060,eizo
EKOS Corporation,1,1061,ekos
ELA Medical,2,710,ela
Elekta Business Area Software Systems Impac Medica,4,476,elekta business area software impac medica
Elekta Business Area Software Systems Impac Medical Systems Inc,16,200,elekta business area software impac
Elekta Instrument AB,1,1062,elekta instrument ab
Elekta Limited,5,416,elekta
Ellex Medical Pty Ltd,6,376,ellex
Ellipse Technologies Inc,3,560,ellipse technologies
Elmdown Srl Unipersonale,1,1063,elmdown srl unipersonale
Emerald Nonwovens International Co Ltd,1,1064,emerald nonwovens
Emerging Implant Technologies GmbH,7,350,emerging implant technologies gmbh
EMS Electro Medical Systems SA,1,1065,ems electro sa
Encore Medical LP,1,1066,encore lp
EndoChoice,1,1067,endochoice
Endologix (TriVascular Inc),1,1068,endologix (trivascular inc)
Endologix Inc,1,1069,endologix
Endologix International Holding BV,2,711,endologix holding bv
Endoscopic Technologies Inc dba Estech,1,1070,endoscopic technologies dba estech
Ensign Laboratories Pty Ltd,1,1071,ensign laboratories
Enterix Pty Ltd,1,1072,enterix
Enztec Limited (NZ),1,1073,enztec (nz)
Equashield Medical Ltd,7,351,equashield
Esco Industries Pty Ltd,1,1074,esco
ESI Inc,1,1075,esi
Eska Implants GmbH and Co,3,561,eska implants gmbh and
Establishment Labs SA,3,562,establishment labs sa
Estar Electronic Co Ltd,1,1076,estar electronic
Etac AS Etac Supply Gjovik,2,712,etac as etac supply gjovik
Ethicon Endo Surgery LLC,261,17,ethicon endo surgery
Ethicon Endo-Surgery,2,713,ethicon endo-surgery
Ethicon Endo-Surgery Inc,1,1077,ethicon endo-surgery
Ethicon GMBH,4,477,ethicon gmbh
Ethicon Inc,18,187,ethicon
Ethicon Inc (USA),11,264,ethicon (usa)
Ethicon Inc Also Trading as Ethicon Women's Health & Urology a Division Ethicon Inc,10,283,ethicon also trading as ethicon women's health & urology a division ethicon
Ethicon Inc t/a Gynecare Johnson & Johnson Wound M,1,1078,ethicon t/a gynecare johnson & johnson wound m
Ethicon Inc T/a Gynecare Johnson & Johnson Wound M,24,156,ethicon t/a gynecare johnson & johnson wound m
Ethicon Inc T/a Gynecare Johnson & Johnson Wound Management,1,1079,ethicon t/a gynecare johnson & johnson wound management
Ethicon Inc T/a Gynecare Johnson & Johnson Wound Mgt ETHICON Wmns Hth & Urology,34,115,ethicon t/a gynecare johnson & johnson wound mgt ethicon wmns hth & urology
Ethicon LLC,56,71,ethicon
Ethicon SARL (Switzerland),40,99,ethicon sarl (switzerland)
Ethicon SARL Switzerland,159,27,ethicon sarl switzerland
Etihicon Inc,4,478,etihicon
Etihicon Inc T/a Gynecare Johnson & Johnson Wound Wound Mgt ETHICON Wmns Hth & Urology,1,1080,etihicon t/a gynecare johnson & johnson wound wound mgt ethicon wmns hth & urology
ETView Ltd,1,1081,etview
Euros SAS,5,417,euros sas
Eurosilicone SAS,13,239,eurosilicone sas
ev3 Inc,3,563,ev3
Evalve Inc,29,129,evalve
Evalve Inc DBA Abbott Vascular Inc,6,377,evalve dba abbott vascular
Evexar Medical Ltd,1,1082,evexar
Evolutis,1,1083,evolutis
Exact Diagnostics LLC,3,564,exact diagnostics
Exactech Inc,25,147,exactech
F Stephan GmbH,2,714,f stephan gmbh
Fairmont Medical Products Pty Ltd,15,208,fairmont
Famidoc Technology Co Ltd,1,1084,famidoc
Farmigea SPA,1,1085,farmigea spa
Femcare-Nikomed Ltd,8,323,femcare-nikomed
Fenwal Inc,3,565,fenwal
Ferrosan Medical Devices AS,10,284,ferrosan devices as
FHC Inc,4,479,fhc
Finsbury Orthopaedic Ltd,1,1086,finsbury orthopaedic
Finsbury Orthopaedics Ltd,26,141,finsbury orthopaedics
Fisher & Paykel Healthcare Limited,1,1087,fisher & paykel
Fisher & Paykel Healthcare Ltd,99,46,fisher & paykel
Flaem Nuova SPA,2,715,flaem nuova spa
Flen Pharma NV,2,716,flen pharma nv
Flexbar Machine Corporation,1,1088,flexbar machine
FlowCardia Inc,6,378,flowcardia
Fluoron GmbH,2,717,fluoron gmbh
Foremount Enterprise Co Ltd,5,418,foremount enterprise
Forerunner Medical Shanghai Co Ltd,1,1089,forerunner shanghai
Forme Medical Pty Ltd,2,718,forme
Foshan Nanhai Plus Medical Co Ltd,1,1090,foshan nanhai plus
Frantz Medical Development Ltd,12,255,frantz development
Fresenius Kabi AG,180,25,fresenius kabi ag
Fresenius Medical Care (Jiangsu) Co Ltd,3,566,fresenius care (jiangsu)
Fresenius Medical Care AG & Co KGaA,121,37,fresenius care ag & kgaa
Fresenius Medical Care Australia Pty Ltd,39,102,fresenius care australia
Fresenius Medical Care Japan KK,1,1091,fresenius care japan kk
Fresenius Vial,3,567,fresenius vial
Fresenius Vial SA,2,719,fresenius vial sa
Fziomed Inc,1,1092,fziomed
Galemed Corporation,5,419,galemed
Gambro Dasco SPA Medolla Facility,31,122,gambro dasco spa medolla facility
Gambro Dasco SpA Sondalo Plant,2,720,gambro dasco spa sondalo plant
Gambro Dialysatoren GmbH,7,352,gambro dialysatoren gmbh
Gambro Industries,10,285,gambro
Gambro Kathetertechnik Hechingen Zweigniederlassung Gambro Dialysatoren GmbH,1,1093,gambro kathetertechnik hechingen zweigniederlassung gambro dialysatoren gmbh
Gambro Lundia AB,2,721,gambro lundia ab
Gambro Lundia AB Monitor Division,40,100,gambro lundia ab monitor division
Gambro Lundia AB Solution Division (Glab SD),1,1094,gambro lundia ab solution division (glab sd)
Gambro Medical Products Co Ltd,3,568,gambro
Gardia Medical Ltd,1,1095,gardia
GC Europe NV,7,353,gc europe nv
GCMedica Enterprise Ltd Wuxi,1,1096,gcmedica enterprise wuxi
GE Healthcare Finland Oy,17,193,ge finland oy
GE Healthcare Japan Corporation,1,1097,ge japan
GE Hualun Medical Systems Co Ltd,1,1098,ge hualun
GE Hungary KTF,1,1099,ge hungary ktf
GE Medical Systems Information Technologies,22,170,ge information technologies
GE Medical Systems Israel - Functional Imaging,4,480,ge israel - functional imaging
GE Medical Systems Israel Ltd,2,722,ge israel
GE Medical Systems LLC,3,569,ge
GE Medical Systems Ultrasound and Primary Care Diagnostics LLC,1,1100,ge ultrasound and primary care diagnostics
GE Vingmed Ultrasound AS,1,1101,ge vingmed ultrasound as
Gebr Brasseler GmbH & Co KG,2,723,gebr brasseler gmbh & kg
Gebruder Martin GmbH & Co KG,1,1102,gebruder martin gmbh & kg
Gem SRL,1,1103,gem srl
Genzyme Biosurgery,59,68,genzyme biosurgery
Genzyme Corporation,1,1104,genzyme
Geomed Medizin-Technik GmbH & Co,1,1105,geomed medizin-technik gmbh &
Gerontic & General Products Pty Ltd,3,570,gerontic & general
Getinge Disinfection AB,2,724,getinge disinfection ab
Getinge Lancer SAS,1,1106,getinge lancer sas
GI Dynamics Inc,45,90,gi dynamics
Glaukos Corporation,25,148,glaukos
Global Manufacturing Technology,2,725,global manufacturing
Global Manufacturing Technology (Australia),2,726,global manufacturing (australia)
Global Manufacturing Technology Europe Ltd,24,157,global manufacturing europe
Global Manufacturing Technology Pty Ltd,105,45,global manufacturing
Globus Medical,1,1107,globus
Globus Medical Inc,2,727,globus
GMS (Gesell Medizin Sondete),2,728,gms (gesell medizin sondete)
GN Hearing AS,1,1108,gn hearing as
GN Otometrics AS,3,571,gn otometrics as
GN Resound AS,1,1109,gn resound as
Go Medical Industries Pty Ltd,4,481,go
Golden Sun International Co Ltd,1,1110,golden sun
Grahams Natural Alternatives Pty Ltd,1,1111,grahams natural alternatives
Greatbatch Medical,5,420,greatbatch
Greatbatch Plymouth,1,1112,greatbatch plymouth
Grifols Australia Pty Ltd,13,240,grifols australia
Groupe Lepine,1,1113,groupe lepine
Gruppo Bioimpianti SRL,8,324,gruppo bioimpianti srl
Gruppo Bioimplanti SRL,3,572,gruppo bioimplanti srl
Guangzhou Fortunique Ltd,1,1114,guangzhou fortunique
Guangzhou Sunlight Medical Equipment Co Ltd,1,1115,guangzhou sunlight equipment
Gyrus Acmi Inc,25,149,gyrus acmi
Gyrus Medical Limited,1,1116,gyrus
Haemoband Surgical Ltd,1,1117,haemoband
Haemologic Biotech Pty Ltd,1,1118,haemologic biotech
Halyard Health,1,1119,halyard health
Halyard Health Inc,37,107,halyard health
Hamilton Med AG,2,729,hamilton med ag
Hangzhou Hua'An Medical & Health Instruments Co Ltd,1,1120,hangzhou hua'an & health instruments
Hangzhou MedStar Technology Co Ltd,2,730,hangzhou medstar
Hangzhou Optcla Medical Instrument Co Ltd,1,1121,hangzhou optcla instrument
Hangzhou Optcla Medical Instruments Co Ltd,1,1122,hangzhou optcla instruments
Hankook Latex Gongup Company Ltd,1,1123,hankook latex gongup company
Hanscent Ningbo Co Ltd,3,573,hanscent ningbo
Hansen Medical Inc,2,731,hansen
Harris Calorific SRL,1,1124,harris calorific srl
Haupt Pharma Wolfratshausen GmbH,2,732,haupt pharma wolfratshausen gmbh
Headstar Medical Products Co Ltd,6,379,headstar
Heartlab Inc,1,1125,heartlab
HeartSine Technologies Limited,1,1126,heartsine technologies
Heartware,3,574,heartware
HeartWare,24,158,heartware
HeartWare Inc,321,14,heartware
HeartWare Inc.,3,575,heartware
"Heartware, Inc",1,1127,heartware
"HeartWare, Inc",30,127,heartware
"HeartWare, Inc.",10,286,heartware
Heine Optotechnik GmbH & Co KG,2,733,heine optotechnik gmbh & kg
Hemoteq AG,1,1128,hemoteq ag
Henan Hexin Hengda Industrial Co Ltd.,3,576,henan hexin hengda industrial
Heraeus Medical Components LLC,1,1129,heraeus components
Heraeus Medical GmbH,9,307,heraeus gmbh
Herbert Waldmann GmbH & Co KG,1,1130,herbert waldmann gmbh & kg
Hersill SL,1,1131,hersill sl
High Technology Products SL - Cocoon Medical,3,577,high sl - cocoon
Hill-Rom De Mexico,2,734,hill-rom de mexico
Hill-Rom France,1,1132,hill-rom france
Hill-Rom Inc,4,482,hill-rom
Hill-Rom Inc.,1,1133,hill-rom
Hill-Rom Industries SA,2,735,hill-rom sa
Hillrom-Hillenbrand,2,736,hillrom-hillenbrand
Hills Healthcare Equipment a Division of Hills Holdings Ltd,1,1134,hills equipment a division of hills holdings
Hitachi High-Technologies Co,2,737,hitachi high-technologies
Hitec Medical Co Ltd,1,1135,hitec
Hivox Biotek Inc,5,421,hivox biotek
HL Corp Shenzhen,1,1136,hl corp shenzhen
Hollister Incorporated,1,1137,hollister
Hologic Inc,35,110,hologic
Hologic Inc.,1,1138,hologic
Hospira Inc,66,63,hospira
Howard Wright Limited (NZ),2,738,howard wright (nz)
Howmedica Osteonics,1,1139,howmedica osteonics
Howmedica Osteonics Corp,1,1140,howmedica osteonics corp
Howmedica Osteonics Corp a Subsidiary of Stryker C,4,483,howmedica osteonics corp a subsidiary of stryker c
Howmedica Osteonics Corp a Subsidiary of Stryker Corporation,11,265,howmedica osteonics corp a subsidiary of stryker
Howmedica Osteonics Corporation,253,18,howmedica osteonics
Howmedica Osteonics Corporation (USA),14,221,howmedica osteonics (usa)
Hoya Corporation,5,422,hoya
Hoya Photonics Inc DBA Hoya Conbio,1,1141,hoya photonics dba hoya conbio
HS Hospital Service SPA,1,1142,hs hospital service spa
Hsiner Co Ltd,1,1143,hsiner
Hu Friedy Mfg Co Inc,1,1144,hu friedy mfg
Hubdic Co Ltd,1,1145,hubdic
Huntleigh Healthcare Nesbit Evans Products Division,20,180,huntleigh nesbit evans division
Huntleigh Healthcare Pty Ltd,26,142,huntleigh
Huntleigh Technology Pty Ltd,2,739,huntleigh
Huzhuo Dragon Wise Fashion Co Ltd,2,740,huzhuo dragon wise fashion
Hyaltech Ltd,1,1146,hyaltech
HyperBranch Medical Technology Inc,2,741,hyperbranch
I-Flow Corporation,1,1147,i-flow
ICU Medical Inc,115,39,icu
IDev Technologies Inc,6,380,idev technologies
Idoman Teoranta,5,423,idoman teoranta
Imaging Sciences International Inc,3,578,imaging sciences
Imaxeon Pty Ltd,2,742,imaxeon
iMDsoft,1,1148,imdsoft
Imdsoft Ltd,6,381,imdsoft
Impac Medical Systems Inc,7,354,impac
Implant,1,1149,implant
Implant Direct Sybron Manufacturing LLC,1,1150,implant direct sybron manufacturing
Implantcast GmbH,27,137,implantcast gmbh
Impromediform GmbH,4,484,impromediform gmbh
Incus Surgical Ltd,2,743,incus
Industria Farmaceutica Galenica Senese Srl,1,1151,industria farmaceutica galenica senese srl
Industry,1,1152,industry
Inmed Manufacturing Sdn Bhd,1,1153,inmed manufacturing sdn bhd
Innomed Inc,2,744,innomed
Innovacon Inc,32,121,innovacon
Ino Therapeutics,10,287,ino therapeutics
Inova Labs Inc,1,1154,inova labs
Inovo Inc,8,325,inovo
Inpeco S.A,1,1155,inpeco s a
Inpeco SA,3,579,inpeco sa
Institut Straumann AG,1,1156,institut straumann ag
Intco Industries Co Ltd,1,1157,intco
Integra Burlington Inc,1,1158,integra burlington
Integra Burlington MA Inc,4,485,integra burlington ma
Integra LifeSciences (Ireland) Ltd,20,181,integra lifesciences (ireland)
Integra Lifesciences Corporation,25,150,integra lifesciences
Integra Luxtec Inc,1,1159,integra luxtec
Integra MicroFrance SAS,1,1160,integra microfrance sas
Integra NeuroSciences Implants SAS,1,1161,integra neurosciences implants sas
Integra York PA Inc,2,745,integra york pa
International Medical Research,4,486,research
International Techynidyne Corp (ITC),2,746,techynidyne corp (itc)
Interrad Medical Inc,1,1162,interrad
Intersurgical Ltd,1,1163,intersurgical
Intervascular SA,1,1164,intervascular sa
Intervascular SAS,1,1165,intervascular sas
Intrinsic Therapeutics Inc,1,1166,intrinsic therapeutics
Intuitive Surgical Inc,11,266,intuitive
Invacare Corp,1,1167,invacare corp
Invacare Corporation,4,487,invacare
Invacare EC-Hong AS,1,1168,invacare ec-hong as
Invacare France Operations,1,1169,invacare france operations
Invacare Medical Equipment Co Ltd,2,747,invacare equipment
Invacare Poirier SAS,1,1170,invacare poirier sas
Invacare Rehabilitation Equipment Suzhou Co Ltd,1,1171,invacare rehabilitation equipment suzhou
Invacare Top End,1,1172,invacare top end
Invamed Saglik llac San ve Tic AS,1,1173,invamed saglik llac san ve tic as
Invatec SPA,1,1174,invatec spa
Inverness Medical Japan Co Ltd,13,241,inverness japan
IO International Orthpaedics Holding GmbH,5,424,io orthpaedics holding gmbh
Iridex Corporation,2,748,iridex
Iris Diagnostics,2,749,iris diagnostics
Irvine Biomedical Inc a St Jude Medical Company,7,355,irvine biomedical a st jude company
ISO Med s a r l,1,1175,iso med s a r l
Isoaid LLC,1,1176,isoaid
Istanbul Medikal Limited Sirketi,1,1177,istanbul medikal sirketi
ITL Healthcare Pty Ltd,8,326,itl
Ivantis Inc,6,382,ivantis
Ivoclar Vivadent AG,1,1178,ivoclar vivadent ag
Jan Mao Industries Company Limited,1,1179,jan mao company
Jerome Group Inc,1,1180,jerome group
Jiangsu Province JianErKang Medical Dressing Co Ltd,1,1181,jiangsu province jianerkang dressing
Jimmy Brothers Group,1,1182,jimmy brothers group
JMAC (WA) Pty Ltd trading as PharmAust Manufacturing,1,1183,jmac (wa) trading as pharmaust manufacturing
Jmac Industries,2,750,jmac
JMS Singapore Pte Ltd,3,580,jms singapore pte
Johnson & Johnson do Brasil Industria e Comercio de Produtos para Saude Ltda,1,1184,johnson & johnson do brasil industria e comercio de produtos para saude ltda
Johnson & Johnson GmbH,7,356,johnson & johnson gmbh
Johnson & Johnson GMBH,1,1185,johnson & johnson gmbh
Johnson & Johnson International,39,103,johnson & johnson
Johnson & Johnson Ltd,1,1186,johnson & johnson
Johnson & Johnson Medical GmbH,1,1187,johnson & johnson gmbh
Johnson & Johnson Medical Pty Ltd,2,751,johnson & johnson
Johnson & Johnson Medical Pty Ltd T/A Depuy Austra,1,1188,johnson & johnson t/a depuy austra
Johnson & Johnson Medical Pty Ltd T/A Depuy Australia,1,1189,johnson & johnson t/a depuy australia
Johnson & Johnson Medical Pty Ltd t/a DePuy Synthes,1,1190,johnson & johnson t/a depuy synthes
Johnson & Johnson Pacific,8,327,johnson & johnson pacific
Johnson & Johnson Pacific Pty Ltd,14,222,johnson & johnson pacific
Johnson & Johnson Sante Beaute France SAS,2,752,johnson & johnson sante beaute france sas
Johnson and Johnson Vision Care Inc,9,308,johnson and johnson vision care
Junten Keep-Warm Products Kunshan Co Ltd,2,753,junten keep-warm kunshan
K Care Pty Ltd,4,488,k care
K2M Inc,51,77,k2m
Kai Industries Co Ltd,1,1191,kai
Kaltenbach & Voigt GmbH,1,1192,kaltenbach & voigt gmbh
Karl Storz GmbH & Co KG,13,242,karl storz gmbh & kg
Karl Storz SE & Co KG,10,288,karl storz se & kg
Karma Medical Products Co Ltd,1,1193,karma
Kasios SAS,2,754,kasios sas
Kaypentax,1,1194,kaypentax
Kaz Europe Sarl,2,755,kaz europe sarl
KCI USA Inc,17,194,kci usa
Kelbor Pty Ltd T/a Medi-Ice Pak Australia,1,1195,kelbor t/a medi-ice pak australia
Kendall a Division of Tyco Healthcare Group LP,4,489,kendall a division of tyco group lp
Kenex Electro Medical Ltd,2,756,kenex electro
Kerr Corporation,4,490,kerr
Key Pharmaceuticals Pty Ltd,2,757,key pharmaceuticals
Keymed Ltd,1,1196,keymed
Kimal PLC,1,1197,kimal plc
Kimberly-Clark,6,383,kimberly-clark
Kimberly-Clark NV (now known as Halyard Health Inc,1,1198,kimberly-clark nv (now known as halyard health
Kimberly-Clarke AS,1,1199,kimberly-clarke as
Kinamed Inc,1,1200,kinamed
Kingstar Industries Wuhan Co Ltd,1,1201,kingstar wuhan
KLS Martin GmbH & Co KG,1,1202,kls martin gmbh & kg
Koninklijke Utermohlen Nv,1,1203,koninklijke utermohlen nv
Koo Shanghai Industries Co Ltd,1,1204,koo shanghai
Kuraray Noritake Dental Inc,1,1205,kuraray noritake dental
Kyeron,5,425,kyeron
LabStyle Innovations Ltd,4,491,labstyle innovations
LaCorium Health International Pty Ltd,1,1206,lacorium health
Laerdal Medical AS,2,758,laerdal as
Lake Region Medical,9,309,lake region
Lake Region Medical Ltd,8,328,lake region
"Lake Region Medical, Inc.",1,1207,lake region
Landanger ZI La Vendue,1,1208,landanger zi la vendue
Lars,30,128,lars
Latexx Manufacturing Sdn Bhd,2,759,latexx manufacturing sdn bhd
LD Technology LLC,1,1209,ld
LDR Medical,1,1210,ldr
Le Maitre Vascular Inc,1,1211,le maitre vascular
LED SPA,1,1212,led spa
Leica Biosystems Melbourne Pty Ltd,6,384,leica biosystems melbourne
Leica Biosystems Melbourne Pty. Ltd.,1,1213,leica biosystems melbourne
Leica Microsystems Ltd,1,1214,leica microsystems
LeMaitre Vascular Inc,3,581,lemaitre vascular
Lenstec Barbados Inc,3,582,lenstec barbados
Les Entreprises Solumed Inc,1,1215,les entreprises solumed
Leventon SAU,3,583,leventon sau
LF BEAUTY THAILAND LTD,1,1216,lf beauty thailand
Liebel-Flarsheim Company,1,1217,liebel-flarsheim company
Liebel-Flarsheim Company LLC,5,426,liebel-flarsheim company
Life Healthcare Pty Ltd,2,760,life
LifeScan Europe A Division of Cilag GmbH Internati,5,427,lifescan europe a division of cilag gmbh internati
LifeScan Europe A Division of Cilag GmbH International,7,357,lifescan europe a division of cilag gmbh
"Lifescan Europe, A Division of Cilag GMBH Intl",1,1218,lifescan europe a division of cilag gmbh intl
Lifescan Inc,73,58,lifescan
Lifestream Purification Systems LLC,1,1219,lifestream purification
LightGuideOptics Germany GmbH,1,1220,lightguideoptics germany gmbh
LightLab Imaging,1,1221,lightlab imaging
Likamed GmbH,1,1222,likamed gmbh
Liko AB,6,385,liko ab
LIMA CORPORATE S.P.A,1,1223,lima corporate s p a
Lima Corporate S.P.A.,3,584,lima corporate s p a
LIMA CORPORATE S.P.A.,2,761,lima corporate s p a
Lima Lto SPA,1,1224,lima lto spa
Limacorporate S.p.A.,6,386,limacorporate s p a
LimaCorporate S.p.A.,1,1225,limacorporate s p a
LIMACORPORATE S.P.A.,2,762,limacorporate s p a
Limacorporate Spa,127,34,limacorporate spa
LimaCorporate SpA,2,763,limacorporate spa
LIMACORPORATE.COM,1,1226,limacorporate com
Lina Medical APS,1,1227,lina aps
Linmed Medical Co Ltd,6,387,linmed
Lisa Laser Products Ohg,1,1228,lisa laser ohg
LivaNova Canada Corp,49,81,livanova canada corp
LivaNova Canada Corp.,3,585,livanova canada corp
LivaNova Deutschland GmbH,20,182,livanova deutschland gmbh
LivaNova USA Inc,28,131,livanova usa
Livingstone International Pty Ltd,15,209,livingstone
Logikal Health Products Pty Ltd,5,428,logikal health
Lovell Surgical Supplies International Pty Ltd,2,764,lovell supplies
Lovell Surgical Supplies Pty Ltd,1,1229,lovell supplies
LSI Solutions,1,1230,lsi solutions
Lucas Medical Inc,2,765,lucas
Lumenis Limited,6,388,lumenis
Lutonix Inc,3,586,lutonix
Lutronic Corporation,2,766,lutronic
Luxometrix-IPC EU,1,1231,luxometrix-ipc eu
M A Arain & Brothers (Pvt) Ltd,2,767,m a arain & brothers (pvt)
Mabis Healthcare Inc,1,1232,mabis
Mac's Metalcraft Pty Ltd,2,768,mac's metalcraft
Maco Pharma,26,143,maco pharma
Maco Pharma SA,10,289,maco pharma sa
MAKO Surgical Corp,22,171,mako corp
Mallinckrodt Dar SRL,1,1233,mallinckrodt dar srl
Mallinckrodt Medical Imaging Ireland,1,1234,mallinckrodt imaging ireland
Mangar International,11,267,mangar
Mansell Neonatal Transport Equipment Pty Ltd,1,1235,mansell neonatal transport equipment
Maquet (Suzhou) Co Ltd,1,1236,maquet (suzhou)
Maquet Cardiopulmonary AG,21,175,maquet cardiopulmonary ag
Maquet Cardiopulmonary GmBH,10,290,maquet cardiopulmonary gmbh
MAQUET Cardiovascular LLC,1,1237,maquet cardiovascular
Maquet Critical Care AB,7,358,maquet critical care ab
Maquet GmbH & Co KG,10,291,maquet gmbh & kg
Maquet SA,8,329,maquet sa
Marketing Sales Pty Ltd,1,1238,marketing sales
Masimo Corporation,16,201,masimo
Master & Frank Pinghu Co Ltd,1,1239,master & frank pinghu
Materialise NV,15,210,materialise nv
Mathys Ltd Bettlach,9,310,mathys bettlach
MatOrtho,1,1240,matortho
MatOrtho Ltd,14,223,matortho
Matricel GmbH,1,1241,matricel gmbh
Mavig GmbH,1,1242,mavig gmbh
Max Mobility,2,769,max mobility
Maxter Catheters,1,1243,maxter catheters
McKesson Israel Ltd,1,1244,mckesson israel
MD Medical Clinic Ltd,3,587,md clinic
Med-Con Pty Ltd,1,1245,med-con
Med-El Elektromedizinische Geraete GmbH,49,82,med-el elektromedizinische geraete gmbh
Med-El Elektromedizinische Gerate GmbH,4,492,med-el elektromedizinische gerate gmbh
MED-EL Elektromedizinische Geräte GmbH,3,588,med-el elektromedizinische geräte gmbh
Med-Imaps SASU,1,1246,med-imaps sasu
Medacta International SA,106,44,medacta sa
Medennium Inc,1,1247,medennium
Medi-Globe GmbH,1,1248,medi-globe gmbh
Medibo Medical Products NV,3,589,medibo nv
Medica Europe BV,6,389,medica europe bv
Medical Components Inc,1,1249,components
Medical Components Inc (dba Medcomp),11,268,components (dba medcomp)
Medical Concepts Australia Pty Ltd,1,1250,concepts australia
Medical Developments International Limited,2,770,developments
Medical Innovation Developpement,4,493,innovation developpement
Medical Intelligence Medizintechnik GmbH,1,1251,intelligence medizintechnik gmbh
Medical Manufacturers Pty Ltd,1,1252,manufacturers
Medical Technique Inc,1,1253,technique
Medical Wire & Equipment Co (Bath) Ltd,1,1254,wire & equipment (bath)
Medicel AG,1,1255,medicel ag
Medicina Ltd,12,256,medicina
Medicom Innovation Partner A/S,1,1256,medicom innovation partner a/s
Mediplas Respiratory Products Sdn Bhd,5,429,mediplas respiratory sdn bhd
Mediquip Sdn Bhd,7,359,mediquip sdn bhd
MediSoft SA,1,1257,medisoft sa
Meditech Systems Ltd,2,771,meditech
Medivance Inc,8,330,medivance
Medivators Inc,1,1258,medivators
Medline Assembly Australia Pty Ltd,11,269,medline assembly australia
Medline Industries Inc,18,188,medline
Medline International France SAS,5,430,medline france sas
Medline International Two Australia Pty Ltd,8,331,medline two australia
Medos International,2,772,medos
Medos International Sarl,54,73,medos sarl
Medos International SARL,7,360,medos sarl
MEDOS INTERNATIONAL SARL,1,1259,medos sarl
Medos Medizintechnik AG,1,1260,medos medizintechnik ag
"MedPlast Medical, Inc.",1,1261,medplast
Medrad Inc,2,773,medrad
Medsell Sales Pty Ltd T/A Denyers International,1,1262,medsell sales t/a denyers
Medtronic Advanced Energy LLC,3,590,medtronic advanced energy
Medtronic Australasia,1,1263,medtronic australasia
Medtronic Australasia Pty Ltd,1,1264,medtronic australasia
Medtronic Australia Pty Ltd,1,1265,medtronic australia
Medtronic Corevalve LLC,2,774,medtronic corevalve
Medtronic CryoCath LP,3,591,medtronic cryocath lp
Medtronic Inc,109,43,medtronic
Medtronic Minimed,95,47,medtronic minimed
Medtronic Sofamor Danek USA Inc,11,270,medtronic sofamor danek usa
Medtronic Tyrx Inc,2,775,medtronic tyrx
Medtronic Xomed,1,1266,medtronic xomed
Medtronic Xomed Instrumentation SAS,1,1267,medtronic xomed instrumentation sas
Megadyne Medical Products Inc,2,776,megadyne
Melcare Biomedical Pty Ltd,2,777,melcare biomedical
Memmert GmbH & Co KG,1,1268,memmert gmbh & kg
Mentor,22,172,mentor
MENTOR LEIDEN,1,1269,mentor leiden
Mentor Medical Systems B.V.,11,271,mentor b v
Mentor Medical Systems BV,51,78,mentor bv
Mentor Texas,55,72,mentor texas
Mentor Worldwide LLC,1,1270,mentor worldwide
Merck Millipore Ltd,1,1271,merck millipore
Merete Medical GmbH,15,211,merete gmbh
Merit Medical Australia Pty Ltd,2,778,merit australia
Merit Medical Singapore Pte Ltd,17,195,merit singapore pte
Merit Medical Systems Inc,24,159,merit
Merits Healthcare Industries (Suzhou) Co Ltd,1,1272,merits (suzhou)
Merz Aesthetics Inc,3,592,merz aesthetics
Merz North America Inc,2,779,merz north america
Messer Cutting & Welding GmbH,1,1273,messer cutting & welding gmbh
Metrex Research Corporation,1,1274,metrex research
Metron Medical Co Ltd,1,1275,metron
Meytec GmbH Informationssysteme,1,1276,meytec gmbh informationssysteme
Micro Therapeutics Inc,1,1277,micro therapeutics
Micro Therapeutics Inc dba ev3 Neurovascular,24,160,micro therapeutics dba ev3 neurovascular
Micro Therapeutics Inc DBA ev3 Neurovascular,3,593,micro therapeutics dba ev3 neurovascular
Micro-Tech Nanjing Co Ltd,1,1278,micro-tech nanjing
Microaire Surgical Instruments LLC,3,594,microaire instruments
MicroPort Orthopedics Inc,60,66,microport orthopedics
Microsulis Holdings Ltd incorporating Microsulis Medical Ltd,1,1279,microsulis holdings incorporating microsulis
Microsulis Medical Ltd,1,1280,microsulis
Microtek Medical Inc,1,1281,microtek
MicroVention Inc,14,224,microvention
Milestone Scientific Inc,1,1282,milestone scientific
Miltenyi Biotec GmbH,1,1283,miltenyi biotec gmbh
Minntech Corporation,1,1284,minntech
Mipm Mammendorfer Institut Fur Physik und Medizin GmbH,1,1285,mipm mammendorfer institut fur physik und medizin gmbh
Misonix Incorporated,1,1286,misonix
Mizuho OSI,2,780,mizuho osi
Moberg Derma AB,1,1287,moberg derma ab
Molnlycke Health Care AB,15,212,molnlycke health care ab
Morris Surgical Pty Ltd,1,1288,morris
Mortara Instruments Inc,3,595,mortara instruments
MRT SRL,1,1289,mrt srl
MTP Medical Technical Promotion GmbH,1,1290,mtp technical promotion gmbh
Multigate Co Ltd,12,257,multigate
Multigate Medical Products Pty Ltd,26,144,multigate
Multilan AG,10,292,multilan ag
Nagor Ltd,17,196,nagor
Nakanishi Inc,3,596,nakanishi
Nanjing Jinzhou Sanitary Commodity Company Limited,1,1291,nanjing jinzhou sanitary commodity company
Nantong Egens Biotechnology Co Ltd,3,597,nantong egens biotechnology
Nasalprodukter Sverige AB,1,1292,nasalprodukter sverige ab
Natus Medical Denmark ApS,1,1293,natus denmark aps
Natus Medical Inc,2,781,natus
Naveh Pharma Ltd,2,782,naveh pharma
NDI Medical LLC,2,783,ndi
NeoMetrics Inc,2,784,neometrics
Neotract Inc,3,598,neotract
Nevro Corporation,76,57,nevro
Newdeal SAS,4,494,newdeal sas
Nihon Kohden Corp,1,1294,nihon kohden corp
Nikkiso Co Ltd,5,431,nikkiso
Nikkiso Europe GmbH,2,785,nikkiso europe gmbh
Ningbo Greatcare Trading Co Ltd,1,1295,ningbo greatcare trading
Ningbo Greetmed Medical Instruments Co Ltd,5,432,ningbo greetmed instruments
Ningbo Runyes Medical Instrument Co Ltd,1,1296,ningbo runyes instrument
Ningbo Shengyurui Medical Appliances Co Ltd,1,1297,ningbo shengyurui appliances
Nipro Corporation,14,225,nipro
Nipro Diagnostics Inc,2,786,nipro diagnostics
Nobel Biocare AB,1,1298,nobel biocare ab
Nonin Medical Inc,1,1299,nonin
Norian Corporation a Synthes Company,1,1300,norian a synthes company
Nortec NZ,1,1301,nortec nz
North Coast Medical Inc,7,361,north coast
Nova Orthopaedic & Rehabilitation Appliances Inc,3,599,nova orthopaedic & rehabilitation appliances
Novadaq Technologies Inc,1,1302,novadaq technologies
Novapharm Research (Australia) Pty Ltd,7,362,novapharm research (australia)
Novis Industrial Co Ltd,3,600,novis industrial
Novos Medical Systems Industry Trade Import and Export Ltd Co,1,1303,novos industry trade import and export
Nowra Chemical Manufacturers Pty Ltd T/A Nowchem Pharma,1,1304,nowra chemical manufacturers t/a nowchem pharma
Nucletron BV,2,787,nucletron bv
Nutricia Medical devices BV,7,363,nutricia devices bv
Nuvasive Inc,45,91,nuvasive
Nuvasive Specialized Orthopaedics Inc,6,390,nuvasive specialized orthopaedics
NxStage Medical Inc,3,601,nxstage
NxThera Inc,2,788,nxthera
Oasis Medikal Urunler,1,1305,oasis medikal urunler
Oberon GmbH Fiber Technologies,2,789,oberon gmbh fiber technologies
"Observer Electronics Technology Co.,Ltd”",1,1306,observer electronics ltd”
Obtech Medical Sarl,3,602,obtech sarl
Obtech Medical SARL,15,213,obtech sarl
OBTECH MEDICAL SARL,2,790,obtech sarl
Occlutech GmbH,9,311,occlutech gmbh
Oculentis BV,3,603,oculentis bv
oculentis GmbH,1,1307,oculentis gmbh
Oculus Technologies of Mexico SA de CV,1,1308,oculus technologies of mexico sa de cv
Officina Farmaceutica Italiana SpA,1,1309,officina farmaceutica italiana spa
Ohmeda Medical a Division of Datex-Ohmeda,4,495,ohmeda a division of datex-ohmeda
OHST Medizintechnik AG,1,1310,ohst medizintechnik ag
Olympus Medical Systems Corporation,156,28,olympus
Olympus Winter & Ibe GmbH,14,226,olympus winter & ibe gmbh
Omni Life Science Inc,86,49,omni life science
Omron Healthcare Co Ltd,1,1311,omron
ONBO Electronic (Shenzhen) Co Ltd,1,1312,onbo electronic (shenzhen)
ONBO Electronics Co Ltd,2,791,onbo electronics
Oncology Systems Ltd,1,1313,oncology
Ontex Hygienartike,6,391,ontex hygienartike
Ontex NV,4,496,ontex nv
Ophtec BV,1,1314,ophtec bv
Optima Pharmazeutische GmbH,1,1315,optima pharmazeutische gmbh
Optimed Medizinische Instrumente,1,1316,optimed medizinische instrumente
Optimed Medizinische Instrumente GmbH,1,1317,optimed medizinische instrumente gmbh
Optimized Ortho Ltd,1,1318,optimized ortho
Optonol Limited,3,604,optonol
Organon Ireland Ltd,1,1319,organon ireland
Origio A/S,3,605,origio a/s
Orion Laboratories Pty Ltd T/A Perrigo Australia,4,497,orion laboratories t/a perrigo australia
Ormco Corporation,2,792,ormco
Orthalign Inc,1,1320,orthalign
Ortho-Clinical Diagnostics Inc,3,606,ortho-clinical diagnostics
Orthodynamics GmbH,2,793,orthodynamics gmbh
Orthofix SRL,1,1321,orthofix srl
OrthoPediatrics Co,2,794,orthopediatrics
Orthopediatrics Corp,1,1322,orthopediatrics corp
Orthovita Inc,1,1323,orthovita
Osstem Implant Co Ltd,4,498,osstem implant
Ossur Hf,2,795,ossur hf
Ossur HF,4,499,ossur hf
Osteomed LP,1,1324,osteomed lp
Otto Bock,1,1325,otto bock
Otto Bock Healthcare GmbH & Co,3,607,otto bock gmbh &
Otto Bock Healthcare Products GmbH,1,1326,otto bock gmbh
Otto Bock Mobility Solutions GmbH,1,1327,otto bock mobility solutions gmbh
Oventus Pty Ltd,2,796,oventus
Ovesco Endoscopy AG,2,797,ovesco endoscopy ag
Pacific Hospital Supply Co Ltd,5,433,pacific hospital supply
Pajunk GmbH Medizintechnologie,6,392,pajunk gmbh medizintechnologie
Pall Medical,1,1328,pall
Pall Medical A Division of Pall International Sarl,1,1329,pall a division of pall sarl
Palmedic BV,1,1330,palmedic bv
Paradigm Spine GmbH,1,1331,paradigm spine gmbh
Pari Pharma GmbH,1,1332,pari pharma gmbh
Parker Hannifin Corporation Porter Instrument Division,2,798,parker hannifin porter instrument division
Parker Labs Inc,1,1333,parker labs
Parkhouse Healthcare Ltd,1,1334,parkhouse
Paul Hartmann Pty Ltd,2,799,paul hartmann
PCT Remote Sensing Pty Ltd,1,1335,pct remote sensing
Pelican Manufacturing Pty Ltd,1,1336,pelican manufacturing
Penlon Ltd,2,800,penlon
Penumbra Inc,24,161,penumbra
Permedica SPA,3,608,permedica spa
Permobil AB,1,1337,permobil ab
Perouse Plastie S.A.S,1,1338,perouse plastie s a s
Pfm Medical Mepro GmbH,1,1339,pfm mepro gmbh
pfm medical titanium GmbH,1,1340,pfm titanium gmbh
Pharmaceutical Innovations Inc,1,1341,pharmaceutical innovations
Philips Digital Mammography Sweden AB,1,1342,philips digital mammography sweden ab
Philips Goldway Shenzhen Industrial Inc,8,332,philips goldway shenzhen industrial
Philips Healthcare,10,293,philips
Philips Healthcare Informatics Inc,1,1343,philips informatics
Philips Medical Systems,650,3,philips
Philips Medical Systems (Germany),1,1344,philips (germany)
Philips Medical Systems (USA),28,132,philips (usa)
Philips Medical Systems Cleveland Inc,4,500,philips cleveland
Philips Medical Systems Nederland BV,1,1345,philips nederland bv
Philips Medical Systems Nederland BV Business Unit Magnetic Resonance - Site Best,7,364,philips nederland bv business unit magnetic resonance - site best
Philips Medizinsysteme Boblingen,15,214,philips medizinsysteme boblingen
"Philips Respironics, Inc",1,1346,philips respironics
Philips Ultrasound Inc,15,215,philips ultrasound
Philisp Medical Systems,1,1347,philisp
Phoenix Healthcare Ltd,1,1348,phoenix
Physio Control Corp,1,1349,physio control corp
Physio-Control Inc,160,26,physio-control
Physiol SA,1,1350,physiol sa
Pihsiang Machinery Mfg Co Ltd,2,801,pihsiang machinery mfg
Pioneer Surgical Technology,2,802,pioneer
Pioneer Surgical Technology Inc,1,1351,pioneer
Piramal Healthcare Canada Ltd Bio-Orthopaedics Division,2,803,piramal canada bio-orthopaedics division
Pirrone SRL,2,804,pirrone srl
Pivot Medical,3,609,pivot
Plan 1 Health Srl,1,1352,plan 1 health srl
Planet Suzhou Medical Products Co Ltd,6,393,planet suzhou
Poly Medicure Ltd,2,805,poly medicure
Polytech Health & Aesthetics GmbH,16,202,polytech health & aesthetics gmbh
Precimed SA,2,806,precimed sa
Precision Medical Inc,1,1353,precision
Prestige Sporting Goods Co Ltd,1,1354,prestige sporting goods
Pride Mobility Products,5,434,pride mobility
Prima Dental Manufacturing T/a Prima Dental Group SS White Group SS White Manufacturing and AD Burs,1,1355,prima dental manufacturing t/a prima dental group ss white group ss white manufacturing and ad burs
Prima Medical Ltd,3,610,prima
Primed Instruments Inc,1,1356,primed instruments
Prius Healthcare Solution (Shanghai) Ltd,3,611,prius solution (shanghai)
Pro Med Instruments GmbH,1,1357,pro med instruments gmbh
Proctor And Gamble Hyginett KFT,1,1358,proctor and gamble hyginett kft
Prodimed SAS - Division Plastimed,2,807,prodimed sas - division plastimed
Profit Country Enterprises Ltd,5,435,profit country enterprises
Promedon SA,4,501,promedon sa
Protection Cover Ultrasound BV PCU,1,1359,protection cover ultrasound bv pcu
PSM Healthcare Limited trading as API Consumer Brands,1,1360,psm trading as api consumer brands
Pu Yuan Biotech Co Ltd,1,1361,pu yuan biotech
Pulmonx Inc,2,808,pulmonx
Puranox Trading BV,1,1362,puranox trading bv
Purple Surgical International Ltd,4,502,purple
PVB Critical Care GmbH,3,612,pvb critical care gmbh
Pyng Medical Corporation,2,809,pyng
Q-Core Medical Ltd,38,106,q-core
Q-Med AB,53,75,q-med ab
Qiagen GmbH,2,810,qiagen gmbh
Quantel Medical,1,1363,quantel
Quidel Corporation,1,1364,quidel
R & R Healthcare Equipment Pty Ltd,1,1365,r & r equipment
R Poon Medical Products Co Ltd,1,1366,r poon
R82 AS,2,811,r82 as
Radiometer Medical APS,70,62,radiometer aps
Ranfac Corporation,1,1367,ranfac
Raumedic AG,6,394,raumedic ag
Rayner Intraocular Lenses Ltd,25,151,rayner intraocular lenses
Reckitt Benckiser Healthcare (UK) Limited,5,436,reckitt benckiser (uk)
Red Milawa Pty Ltd T/A Magic Mobility,6,395,red milawa t/a magic mobility
Redsense Medical AB,1,1368,redsense ab
Regen Lab SA,1,1369,regen lab sa
Reliance Medical Products Inc,1,1370,reliance
Research Instruments Ltd,1,1371,research instruments
ResMed Germany Inc,1,1372,resmed germany
Resmed Limited,16,203,resmed
Resonance Technology Inc,1,1373,resonance
Respironics California Inc,3,613,respironics california
Respironics Inc,14,227,respironics
Respironics Novametrix LLC,1,1374,respironics novametrix
Respironics Respiratory Drug Delivery UK Ltd,2,812,respironics respiratory drug delivery uk
Reval,1,1375,reval
Richard Wolf GmbH,1,1376,richard wolf gmbh
Rifton Equipment,1,1377,rifton equipment
Rigidyne Pty Ltd,1,1378,rigidyne
Rimkus Medizintechnik,1,1379,rimkus medizintechnik
Rita Medical Systems Inc,2,813,rita
Roche Diabetes Care AG,1,1380,roche diabetes care ag
Roche Diabetes Care GmbH,349,11,roche diabetes care gmbh
Roche Diagnostics GmbH,54,74,roche diagnostics gmbh
Roche Diagnostics GmbH Diabetes Care,12,258,roche diagnostics gmbh diabetes care
Roche Molecular Systems Inc,2,814,roche molecular
Rocket Medical Plc,2,815,rocket plc
Romar Engineering Pty Ltd,1,1381,romar engineering
Royal Fornia Medical Equipment Co Ltd,7,365,royal fornia equipment
Rudolf Riester GmbH & Co KG,1,1382,rudolf riester gmbh & kg
RZ Medizintechnik GmbH,2,816,rz medizintechnik gmbh
S&S Med Co Ltd,1,1383,s&s med
Sadra Medical Inc a subsidiary of Boston Scientifi,1,1384,sadra a subsidiary of boston scientifi
Safapac Ltd,1,1385,safapac
Sage In-Vitro Fertilization Inc - A Cooper Surgical Company,1,1386,sage in-vitro fertilization - a cooper company
Sage Medical Pty Ltd,1,1387,sage
Salter Labs,3,614,salter labs
Samsung Electronics Co Ltd,1,1388,samsung electronics
Sandel Medical Industries,1,1389,sandel
Sanofi-Aventis Deutschland GmbH,2,817,sanofi-aventis deutschland gmbh
Sauflon Pharmaceuticals Ltd,1,1390,sauflon pharmaceuticals
Savion Industries Ltd,1,1391,savion
SCA Hygiene Australasia Pty Limited,5,437,sca hygiene australasia
SeaSpine Inc,2,818,seaspine
Securmed SPA,3,615,securmed spa
Select Medical Equipment Pty Ltd,2,819,select equipment
SenoRx Inc,6,396,senorx
Septodont,2,820,septodont
Sequent Medical Inc,1,1392,sequent
Serf,13,243,serf
Serres Oy,1,1393,serres oy
Sewoon Medical Co Ltd,4,503,sewoon
SG Manufacturers,2,821,sg manufacturers
Shanghai Apolo Medical Technology Co Ltd,1,1394,shanghai apolo
Shanghai Binghang Industry Company Ltd,1,1395,shanghai binghang industry company
Shanghai Chuangshi Industry Co Ltd,1,1396,shanghai chuangshi industry
Shanghai ISO Medical Products Co Ltd,1,1397,shanghai iso
Shanghai Johnson & Johnson Ltd,5,438,shanghai johnson & johnson
Shanghai Shenfeng Medical & Health Articles Co Ltd,1,1398,shanghai shenfeng & health articles
Shanghai Xinghua Medical Equipment Co Ltd,1,1399,shanghai xinghua equipment
Shaoxing Fuqing Health Products Co Ltd,4,504,shaoxing fuqing health
Shaoxing Fuqing Medical Products Co Ltd,1,1400,shaoxing fuqing
Shenzhen Kingyield Technology Co Ltd,1,1401,shenzhen kingyield
ShenZhen must Biological Science & Technology Co Ltd,1,1402,shenzhen must biological science &
Shield Medicare Limited - A Division of ECOLAB,1,1403,shield medicare - a division of ecolab
Shukla Medical,1,1404,shukla
SI-Bone Inc,1,1405,si-bone
Siemenns Medical Solutions USA Inc,1,1406,siemenns solutions usa
Siemens AG,13,244,siemens ag
Siemens Healthcare Diagnostics Inc,31,123,siemens diagnostics
Siemens Healthcare Diagnostics Products GmbH,5,439,siemens diagnostics gmbh
Siemens Healthcare GmbH,9,312,siemens gmbh
Siemens Medical Solutions USA Inc,2,822,siemens solutions usa
Siemens Medical Solutions USA Inc Molecular Imagin,1,1407,siemens solutions usa molecular imagin
Siemens Medical Solutions USA Inc Molecular Imaging,6,397,siemens solutions usa molecular imaging
Siemens Shanghai Medical Equipment Ltd,1,1408,siemens shanghai equipment
Signature Orthopaedics Europe Ltd,8,333,signature orthopaedics europe
Signature Orthopaedics Pty Ltd,6,398,signature orthopaedics
Sihong Surgitrac Co Ltd,1,1409,sihong surgitrac
Silimed Industria de Implantes LTDA,19,184,silimed industria de implantes ltda
Silimed Ltd,4,505,silimed
Silimed Ltd.,8,334,silimed
Single Use Surgical Ltd,1,1410,single use
Sino Medical Device Technology Co Ltd,1,1411,sino device
Sirona Dental Systems,2,823,sirona dental
Sirtex Medical Limited,4,506,sirtex
Small Bone Innovations Inc,1,1412,small bone innovations
Smith & Nephew Endoscopy Inc,1,1413,smith & nephew endoscopy
Smith & Nephew Inc Endoscopy Division,11,272,smith & nephew endoscopy division
Smith & Nephew Inc Orthopaedic Division,315,15,smith & nephew orthopaedic division
Smith & Nephew Inc Wound Management Division,3,616,smith & nephew wound management division
Smith & Nephew Inc Wound Management Divison,3,617,smith & nephew wound management divison
Smith & Nephew Medical Ltd,5,440,smith & nephew
Smith & Nephew Orthopaedics AG,14,228,smith & nephew orthopaedics ag
Smith & Nephew Orthopaedics Limited,110,41,smith & nephew orthopaedics
Smith & Nephew Pty Ltd,2,824,smith & nephew
Smith & Nephew Surgical Pty Ltd,1,1414,smith & nephew
Smith’s Medical ASD Incorporated,1,1415,smith’s asd
Smiths Medical ASD Inc,27,138,smiths asd
Smiths Medical ASD Incorporated,35,111,smiths asd
Smiths Medical ASD Pty Ltd,1,1416,smiths asd
Smiths Medical Australasia,1,1417,smiths australasia
Smiths Medical Czech Republic as,6,399,smiths czech republic as
Smiths Medical International Limited,14,229,smiths
Smiths Medical International Ltd,6,400,smiths
SMT SAS,1,1418,smt sas
Sofradim Production,13,245,sofradim production
Soft Medical Aesthetics,1,1419,soft aesthetics
Solari Medical,1,1420,solari
Solo Gyn,1,1421,solo gyn
Solta Medical Inc,7,366,solta
Soluscope SAS,7,367,soluscope sas
SOOIL Development Co Ltd,1,1422,sooil development
Sorin Biomedica Cardio SRL,1,1423,sorin biomedica cardio srl
Sorin Biomedica Crm Srl,1,1424,sorin biomedica crm srl
Sorin Group Canada Inc,1,1425,sorin group canada
Sorin Group Canada Inc Mitroflow Division,8,335,sorin group canada mitroflow division
Sorin Group Deutschland GmbH,29,130,sorin group deutschland gmbh
Sorin Group Italia,1,1426,sorin group italia
Sorin Group Italia SRL,8,336,sorin group italia srl
Sorin Group USA Inc,1,1427,sorin group usa
Southern Cross Hospital Supplies,3,618,southern cross hospital supplies
SP Industrial,1,1428,sp industrial
Spacelabs Healthcare Ltd,1,1429,spacelabs
Spacelabs Medical Inc,1,1430,spacelabs
Spatz FGIA Inc,4,507,spatz fgia
SPD Swiss Precision Diagnostics GmbH,1,1431,spd swiss precision diagnostics gmbh
Specialist Hygiene Solutions Ltd,1,1432,specialist hygiene solutions
Spectranetics Corporation,1,1433,spectranetics
Spes Medica SRL,1,1434,spes medica srl
Spinal Kinetics Inc,27,139,spinal kinetics
Spinal Modulation Inc,4,508,spinal modulation
Spiration Inc,3,619,spiration
Spraypack Pty Ltd,1,1435,spraypack
St Jude Medical,110,42,st jude
St Jude Medical Cardiac Rhythm Management Division,4,509,st jude cardiac rhythm management division
St Jude Medical Cardiac Rhythm Management Division USA,369,9,st jude cardiac rhythm management division usa
St Jude Medical Inc,2,825,st jude
St Jude Medical Systems AB,2,826,st jude ab
"St. Jude Medical, Inc. Cardiac Rhythm Management Division",10,294,st jude cardiac rhythm management division
Stanmore Implants Worldwide Ltd,5,441,stanmore implants worldwide
Starkey Laboratories Inc,1,1436,starkey laboratories
StarMedTec GmbH,3,620,starmedtec gmbh
Steelco Spa,7,368,steelco spa
Stegemann Hand Arbeit & Services,24,162,stegemann hand arbeit & services
Steris Canada Corporation,4,510,steris canada
Steris Corporation,15,216,steris
STERIS Corporation,2,827,steris
SteriTec Products Manufacturing Company Incorportaed,1,1437,steritec manufacturing company incorportaed
Stimwave Technologies Inc,8,337,stimwave technologies
Stockert GmbH,1,1438,stockert gmbh
StrideOn Ltd,1,1439,strideon
Stryker,1,1440,stryker
Stryker Communications,1,1441,stryker communications
Stryker Endoscopy,14,230,stryker endoscopy
Stryker Endoscopy a Division of Stryker Corporation,2,828,stryker endoscopy a division of stryker
Stryker GmbH,23,166,stryker gmbh
Stryker Instrument,12,259,stryker instrument
Stryker Instrument a division of Stryker Corporation,1,1442,stryker instrument a division of stryker
Stryker Instruments,1,1443,stryker instruments
Stryker Instruments a division of Stryker Corporation,7,369,stryker instruments a division of stryker
Stryker Leibinger,1,1444,stryker leibinger
Stryker Leibinger GmbH & Co KG,5,442,stryker leibinger gmbh & kg
Stryker Leibinger GmBH & Co KG,1,1445,stryker leibinger gmbh & kg
Stryker Medical,4,511,stryker
Stryker Medical (USA),1,1446,stryker (usa)
Stryker Medtech KK,1,1447,stryker medtech kk
Stryker Neurovascular,4,512,stryker neurovascular
Stryker Orthopaedics,1,1448,stryker orthopaedics
Stryker Orthopeadics (USA),1,1449,stryker orthopeadics (usa)
Stryker Spine,10,295,stryker spine
Stryker Spine Inc,7,370,stryker spine
Stryker Spine SA,1,1450,stryker spine sa
Stryker Trauma,1,1451,stryker trauma
Stryker Trauma AG,11,273,stryker trauma ag
Stryker Trauma GmbH,37,108,stryker trauma gmbh
Summit Medical Products Inc,2,829,summit
Sunrise Medical (England),1,1452,sunrise (england)
Sunrise Medical HHG Inc,1,1453,sunrise hhg
SunTech Medical Inc,1,1454,suntech
Supermax Glove Manufacturing Sdn Bhd,1,1455,supermax glove manufacturing sdn bhd
Surgi Supplies International Pty Ltd,1,1456,surgi supplies
Surgical Specialties Corporation,1,1457,specialties
Surgical Specialties Mexico S de RL de CV,1,1458,specialties mexico s de rl de cv
Sutter Medizintechnik GmbH,1,1459,sutter medizintechnik gmbh
Suzhou Youbetter Medical Apparatus Co Ltd,1,1460,suzhou youbetter apparatus
Swann Morton Ltd,4,513,swann morton
Swemac Innovation AB,2,830,swemac innovation ab
Sybron Implant Solutions,4,514,sybron implant solutions
Symmetry Surgical,3,621,symmetry
Symmetry Surgical Inc,5,443,symmetry
Synapse Biomedical Inc,1,1461,synapse biomedical
Syneron Medical Ltd,1,1462,syneron
Synovis Surgical Innovations (A Div of Synovis Lif,2,831,synovis innovations (a div of synovis lif
Synovis Surgical Innovations (A Div of Synovis Life Technologies Inc),14,231,synovis innovations (a div of synovis life technologies inc)
Synthes GmbH,123,35,synthes gmbh
Sysmex Corporation,1,1463,sysmex
Taewoong Medical Co Ltd,1,1464,taewoong
TAG Medical Products Corporation Ltd,1,1465,tag
Taidoc Technology Corporation,1,1466,taidoc
Taiwan Armada Enterprise Co Ltd,1,1467,taiwan armada enterprise
Talladium Inc,1,1468,talladium
Talley Group Ltd,1,1469,talley group
TauroPharm GmbH,1,1470,tauropharm gmbh
Techstyles A Division of Encompass Group LLC,1,1471,techstyles a division of encompass group
Teknimed SAS,1,1472,teknimed sas
Tekno-Medical Optik-Chirurgie GmbH,1,1473,tekno-medical optik-chirurgie gmbh
Teleflex Medical,22,173,teleflex
Teleflex Medical OEM,1,1474,teleflex oem
TeleMed Systems Inc,1,1475,telemed
Teoxane SA,4,515,teoxane sa
Terumo (Philippines) Corporation,2,832,terumo (philippines)
Terumo BCT Inc,9,313,terumo bct
Terumo Cardiovascular Systems Corporation,2,833,terumo cardiovascular
Terumo Corporation,14,232,terumo
Terumo Europe NV,1,1476,terumo europe nv
Terumo Medical Corporation,3,622,terumo
Terumo Penpol Limited,3,623,terumo penpol
TFS Manufacturing Pty Ltd,13,246,tfs manufacturing
Thai Centri Co Ltd,1,1477,thai centri
Thai Nippon Rubber Industry Co Ltd,1,1478,thai nippon rubber industry
The Anspach Effort Inc,2,834,the anspach effort
The Binding Site Group Ltd,1,1479,the binding site group
The Laryngeal Mask Company Limited,3,624,the laryngeal mask company
The Marena Group Inc,1,1480,the marena group
The Spectranetics Corporation,18,189,the spectranetics
The Surgical Company International BV,1,1481,the company bv
Theragenics Corporation,2,835,theragenics
Therakos Inc,11,274,therakos
Thompson Surgical Instruments Inc,1,1482,thompson instruments
Thoratec Corporation,26,145,thoratec
Thoratec Switzerland GmbH,1,1483,thoratec switzerland gmbh
Tianjin Medis International Trade Co Ltd,1,1484,tianjin medis trade
Tianjin Medis Medical Device Co Ltd,1,1485,tianjin medis device
Tianjin Medis Medical Devices Co Ltd,1,1486,tianjin medis devices
Tiller Mind Body Inc,1,1487,tiller mind body
Tissue Science Laboratories plc,3,625,tissue science laboratories plc
Tobrix BV,1,1488,tobrix bv
Tontarra Medizintechnik GmbH,2,836,tontarra medizintechnik gmbh
Top Glove Sdn Bhd,2,837,top glove sdn bhd
Top-Bound Enterprise Co Ltd,2,838,top-bound enterprise
Tornier Inc,4,516,tornier
Tornier SAS,19,185,tornier sas
Touchstone International Medical Science Co Ltd,2,839,touchstone science
Town & Country Mattress & Beds,1,1489,town & country mattress & beds
Trendpac,1,1490,trendpac
Trimed Inc,1,1491,trimed
TriVascular Inc,4,517,trivascular
Trividia Health Inc,1,1492,trividia health
True Source Technology Co Ltd,1,1493,true source
Trumpf Medizin Systeme GmbH & Co KG,1,1494,trumpf medizin systeme gmbh & kg
Truphatek International Ltd,1,1495,truphatek
Tubalco Manufacturing Pty Ltd,1,1496,tubalco manufacturing
Tyco Healthcare (UK) Manufacturing LTD,5,444,tyco (uk) manufacturing
Tyco Healthcare Group LP Nellcor Puritan Bennett Division,2,840,tyco group lp nellcor puritan bennett division
Tyco Healthcare Group LP Puritan Bennett Division,4,518,tyco group lp puritan bennett division
Tyco Healthcare Pty Ltd,1,1497,tyco
U-Systems Inc,1,1498,u-systems
Ulrich GmbH & Co KG,2,841,ulrich gmbh & kg
Unimax Medical Systems Inc,4,519,unimax
Unimed International,1,1499,unimed
Unipath Ltd,1,1500,unipath
United States Endoscopy Group Inc,1,1501,united states endoscopy group
United States Surgical (USS) A division of Tyco Healthcare Group LP,19,186,united states (uss) a division of tyco group lp
Unitron Hearing Ltd,1,1502,unitron hearing
Unomedical A/S,6,401,unomedical a/s
Unomedical AS,10,296,unomedical as
Unomedical AS Infusion Devices,28,133,unomedical as infusion devices
Unomedical Inc,1,1503,unomedical
Unomedical Inc Unomedical SA De CV,7,371,unomedical unomedical sa de cv
Unomedical Sdn Bhd,21,176,unomedical sdn bhd
Uptake Medical Corp,1,1504,uptake corp
Uresil LLC,2,842,uresil
Uroplasty Inc,1,1505,uroplasty
Ursapharm Arzneimittel GmbH,1,1506,ursapharm arzneimittel gmbh
Utah Medical Products Inc,1,1507,utah
V Guldmann,1,1508,v guldmann
Vadi Medical Technology Co Ltd,1,1509,vadi
Vadi Medical Technology Co Ltd Yangmei,1,1510,vadi yangmei
Valeo Corporation Taiwan,1,1511,valeo taiwan
Valleylab Inc (A Division of Tyco Healthcare Group LP),3,626,valleylab (a division of tyco group lp)
Varian Medical Systems Inc,3,627,varian
"Varian Medical Systems, Inc",1,1512,varian
Vascutek,1,1513,vascutek
Vascutek Limited,9,314,vascutek
Vascutek Ltd,1,1514,vascutek
Vascutek Ltd a Terumo Company,3,628,vascutek a terumo company
Vbm Medizintechnik GmbH,3,629,vbm medizintechnik gmbh
Vectec,1,1515,vectec
Veldana Medical SA,2,843,veldana sa
Veniti Inc,2,844,veniti
Ventana Medical Systems Inc,1,1516,ventana
Verathon Inc,1,1517,verathon
Verathon Medical (Canada) ULC,5,445,verathon (canada) ulc
Vernacare,1,1518,vernacare
Viasys Medsystems,1,1519,viasys medsystems
Vibrant Med-El Hearing Technology GmbH,14,233,vibrant med-el hearing gmbh
Vision Medical Devices India Pvt Ltd,1,1520,vision devices india pvt
Vision Sciences Inc,1,1521,vision sciences
Vita Zahnfabrik H Rauter GmbH & Co K,1,1522,vita zahnfabrik h rauter gmbh & k
Vital Healthcare Sdn Bhd,1,1523,vital sdn bhd
Vital Signs Colorado Inc,1,1524,vital signs colorado
Vital Signs Inc,6,402,vital signs
Vitatron BV,3,630,vitatron bv
Volcano Corporation,5,446,volcano
Vyaire Medical Oy,1,1525,vyaire oy
Vygon GmbH & Co KG,13,247,vygon gmbh & kg
Vygon SA,13,248,vygon sa
W & H Dentalwerk Burmoos GmbH,2,845,w & h dentalwerk burmoos gmbh
W L Gore & Assoc Inc,146,29,w l gore & assoc
W L Gore & Assoc Inc.,2,846,w l gore & assoc
W. L. Gore & Associates Inc,1,1526,w l gore & associates
"W. L. Gore & Associates, Inc.",5,447,w l gore & associates
W.L. Gore & Associates,1,1527,w l gore & associates
"W.L. Gore & Associates, Inc",1,1528,w l gore & associates
"W.L. Gore & Associates, Inc.",1,1529,w l gore & associates
Walter Lorenz Surgical Inc also trading as Biomet Microfixation,10,297,walter lorenz also trading as biomet microfixation
WaveLight AG,17,197,wavelight ag
WaveLight GmbH,6,403,wavelight gmbh
WaveTec Vision Systems Inc,8,338,wavetec vision
Weihai Wego Qiquan Medical Devices Co Ltd,3,631,weihai wego qiquan devices
Welch Allyn Inc,10,298,welch allyn
Welch Allyn Incorporated,1,1530,welch allyn
Welch Allyn Protocol Inc,11,275,welch allyn protocol
Well Lead Medical Co Ltd,3,632,well lead
Wellspect HealthCare,11,276,wellspect
West Pharma Services IL Ltd,1,1531,west pharma services il
WickiMed Medical Equipment Manufacturing Co Ltd.,3,633,wickimed equipment manufacturing
William A Cook Australia,2,847,william a cook australia
William A Cook Australia Pty Ltd,12,260,william a cook australia
William Cook Europe,9,315,william cook europe
William Cook Europe A/S,39,104,william cook europe a/s
William Cook Europe ApS,11,277,william cook europe aps
Willy Rusch GmbH,2,848,willy rusch gmbh
Wilson-Cook Medical Inc,34,116,wilson-cook
Wilson-Cook Medical Incorporated,1,1532,wilson-cook
Wintur Healthcare,1,1533,wintur
Wolfe Tory Medical Inc,1,1534,wolfe tory
WOM World of Medicine GmbH,2,849,wom world of medicine gmbh
Woo Young Medical Co Ltd,2,850,woo young
Wright Medical Technology Inc,12,261,wright
Wright Medical UK Ltd,1,1535,wright uk
Wuppertal,1,1536,wuppertal
Wuxi Bolcom Medical Machinery and Plastic Co Ltd,1,1537,wuxi bolcom machinery and plastic
X-Spine Systems Inc,1,1538,x-spine
Xodus Medical Inc,1,1539,xodus
Yafho Bio-Technology Co Ltd,1,1540,yafho bio-technology
Yercon Diagnostic Co Ltd,1,1541,yercon diagnostic
Yong Long Healthcare Equipment,1,1542,yong long equipment
YouMedical BV,1,1543,youmedical bv
Ypsomed AG,2,851,ypsomed ag
Zeltiq Aesthetics Inc,1,1544,zeltiq aesthetics
Zevex Inc,11,278,zevex
Zhejiang Shuyou Surgical Instrument Co Ltd,1,1545,zhejiang shuyou instrument
Zhejiang Vitalcare Medical Devices Co Ltd,1,1546,zhejiang vitalcare devices
Zhuji Pengtian Medical Instrument Co Ltd,1,1547,zhuji pengtian instrument
Zimmer CAS,3,634,zimmer cas
Zimmer GmbH,42,94,zimmer gmbh
Zimmer Inc,111,40,zimmer
Zimmer Inc.,1,1548,zimmer
Zimmer Spine,2,852,zimmer spine
Zimmer Spine Inc,3,635,zimmer spine
Zimmer Surgical Inc,6,404,zimmer
Zimmer Trabecular Metal Technology Inc,5,448,zimmer trabecular metal
Zoll Medical Corporation,25,152,zoll
ZOLL MEDICAL CORPORATION,1,1549,zoll
